id,title,author,created_at,url
44166155,The Metamorphosis of Prime Intellect (1994),lawrenceyan,2025-06-03 04:05:19,https://localroger.com/prime-intellect/mopiall.html
44163063,My AI skeptic friends are all nuts,tabletcorry,2025-06-02 21:09:53,https://fly.io/blog/youre-all-nuts/
44166102,"AI makes the humanities more important, but also weirder",findhorn,2025-06-03 03:53:20,https://resobscura.substack.com/p/ai-makes-the-humanities-more-important
44143045,Why GUIs are built at least 2.5 times,mpweiher,2025-05-31 09:20:36,https://patricia.no/2025/05/30/why_lean_software_dev_is_wrong.html
44166908,Poison Pill: Is the killer behind 1982 Tylenol poisonings still on the loose?,TMWNN,2025-06-03 06:16:00,https://www.trulyadventure.us/poison-pill
44159166,Cloudlflare builds OAuth with Claude and publishes all the prompts,gregorywegory,2025-06-02 14:24:54,https://github.com/cloudflare/workers-oauth-provider/
44159528,Ask HN: Who is hiring? (June 2025),whoishiring,2025-06-02 15:01:18,
44142565,How to Store Data on Paper?,mofosyne,2025-05-31 07:20:15,https://www.monperrus.net/martin/store-data-paper
44163496,Conformance checking at MongoDB: Testing that our code matches our TLA+ specs,todsacerdoti,2025-06-02 21:50:15,https://www.mongodb.com/blog/post/engineering/conformance-checking-at-mongodb-testing-our-code-matches-our-tla-specs
